k,sup,maxSup,time_s,loss_metric,vector
2,0,0,47.994,0.26068668725868727,"(3, 2, 0)"
5,0,0,35.333,1.0,"(4, 0, 0)"
10,0,0,34.705,1.0,"(4, 0, 0)"
2,3,10,70.786,0.16558977863577864,"(2, 2, 0)"
5,8,10,47.231,0.3485413281853282,"(3, 3, 0)"
10,0,10,40.235,1.0,"(4, 0, 0)"
2,44,100,107.575,0.07518499356499356,"(1, 1, 0)"
5,36,100,65.264,0.16652950321750323,"(2, 2, 0)"
10,48,100,52.422,0.25446966795366793,"(2, 3, 0)"
