k,sup,maxSup,time_s,loss_metric,vector
2,0,0,9.228,1.035836936936937,"(4, 1, 0)"
5,0,0,8.974,1.035836936936937,"(4, 1, 0)"
10,0,0,8.984,1.035836936936937,"(4, 1, 0)"
2,9,10,9.812,0.2605820911820912,"(2, 3, 0)"
5,0,10,9.495,1.035836936936937,"(4, 1, 0)"
10,0,10,10.025,1.035836936936937,"(4, 1, 0)"
2,96,100,12.016,0.10423366093366093,"(1, 1, 0)"
5,95,100,11.069,0.19735716625716626,"(2, 2, 0)"
10,52,100,10.111,0.36972465192465187,"(3, 3, 0)"
