k,sup,maxSup,time_s,loss_metric,vector
2,0,0,29.683,3.0,"(4, 4, 0, 0, 0, 1)"
5,0,0,29.164,3.0,"(4, 4, 0, 0, 0, 1)"
10,0,0,28.739,3.0,"(4, 4, 0, 0, 0, 1)"
2,7,10,35.422,2.1704729729729726,"(3, 4, 0, 0, 0, 1)"
5,0,10,30.262,3.0,"(4, 4, 0, 0, 0, 1)"
10,0,10,29.181,3.0,"(4, 4, 0, 0, 0, 1)"
2,61,100,51.400,1.7264837933387933,"(3, 2, 0, 1, 0, 1)"
5,90,100,41.958,2.202571171171171,"(3, 4, 0, 0, 0, 1)"
10,69,100,31.497,2.6339646846846847,"(3, 4, 0, 1, 0, 1)"
