k,sup,maxSup,time_s,loss_metric,vector
2,0,0,1015.200,0.25006140193404414,"(2, 3, 0)"
5,0,0,675.049,0.3417525028514753,"(3, 3, 0)"
10,0,0,625.919,0.3417525028514753,"(3, 3, 0)"
2,8,10,1619.32,0.07251888205636829,"(1, 1, 0)"
5,8,10,1020.764,0.16240944408628813,"(2, 2, 0)"
10,3,10,767.013,0.2500698028762708,"(2, 3, 0)"
2,?,100,?,?,"?"
5,75,100,1709.474,0.07271506298041161,"(1, 1, 0)"
10,16,100,1199.349,0.1624325673196132,"(2, 2, 0)"
